<?xml version="1.0" encoding="UTF-8" standalone="yes"?>
<addon id="plugin.video.kmediatorrent" name="KMediaTorrent" version="2.3.2" provider-name="jmarth">
    <requires>
        <import addon="xbmc.python" version="2.14.0"/>
        <import addon="script.module.requests" version="2.4.3"/>        
    </requires>
    <extension point="xbmc.python.pluginsource" library="addon.py">
        <provides>video</provides>
    </extension>
    <extension point="xbmc.addon.metadata">
        <platform>all</platform>
        <summary><![CDATA[kmediatorrent: Torrent streaming 
        for KODI/XBMC.]]></summary>
        <description><![CDATA[Watch torrents directly from KODI/XBMC, without waiting.]]></description>
    </extension>
</addon>
