<?xml version="1.0" encoding="UTF-8" standalone="yes"?>
<addon id="emulator.retroarch"
       name="retroarch"
       version="3.1.3-1"
       provider-name="openelec.tv">
  <requires>
    <import addon="os.openelec.tv" version="3.2"/>
    <import addon="xbmc.python" version="2.7.3"/>

  </requires>
  <extension point="xbmc.python.script"
             library="default.py">
        <provides>executable</provides>
  </extension>
  <extension point="xbmc.addon.metadata">
    <summary>Simple Multi-emulator frontend based on libretro</summary>
    <description>
Simple Multi-emulator frontend based on libretro
    </description>
    <disclaimer>

    </disclaimer>
    <platform>all</platform>
  </extension>
</addon>
